,Pearson Coefficient,p-value
conflict,0.13648544400184526,0.17572345120696944
economic_relevance,0.2785217469125813,0.005016847137808085
magnitude,0.2582023074603223,0.009494948738538398
personal_relevance,0.04811690487684222,0.6345054042930249
political_relevance,0.008449344303171843,0.9335075447525507
public_relevance,0.2015955803015922,0.04429266512976867
surprise,0.16002429524639517,0.11174666250533884
Mean of Ratings,0.21702103535497386,0.030094509514065174
