,Pearson Coefficient,p-value
conflict,0.4623976730420919,0.04009406893100684
economic_relevance,0.4797068299944242,0.03232294505690583
magnitude,0.28598553525814385,0.2215770656950555
personal_relevance,0.2582510593192951,0.2716153724276671
political_relevance,0.39814541979664236,0.0820994568258337
public_relevance,0.1323044355030773,0.5781839564699124
surprise,0.2589308385726592,0.27031083859667115
Mean of Ratings,0.44441197354733714,0.049626486371958586
